# US places that name one state: Census sub-est2024.csv (incorporated places and towns), largest with the name
# at least 20,000 people and 5x the next state's largest. Built by hand 2026-10-06; name	state	population	next
abilene	TX	130501	6501
aboite	IN	43681	0
acton	MA	24539	2723
acworth	GA	22624	892
adelanto	CA	37941	0
adrian	MI	20259	1775
agawam town	MA	28749	0
aiken	SC	32694	0
akron	OH	189664	4123
alabaster	AL	34460	426
alameda	CA	78795	0
alamo	TX	20694	3838
alamogordo	NM	31667	0
albuquerque	NM	560326	0
algonquin	IL	88915	0
alhambra	CA	80279	1572
aliso viejo	CA	50457	0
allen	TX	113746	7150
allen park	MI	27604	0
allentown	PA	127138	1731
alpharetta	GA	67275	0
altamonte springs	FL	47261	0
alvin	TX	29869	175
amarillo	TX	203729	0
american canyon	CA	21742	0
american fork	UT	41298	0
ames	IA	69026	1226
amherst	NY	130862	13048
amherst town	MA	40989	0
ammon	ID	20095	0
anaheim	CA	344561	0
anchorage	AK	289600	2538
angleton	TX	20979	0
ankeny	IA	76727	0
ann arbor	MI	122925	0
anna	TX	31986	4165
annapolis	MD	40689	245
anniston	AL	21127	179
apache junction	AZ	44309	0
apex	NC	75977	0
apopka	FL	62777	0
appleton	WI	75344	1452
ardmore	OK	25064	1452
arlington	TX	403672	47112
arlington heights	IL	75596	820
arvada	CO	121873	0
asheboro	NC	27928	0
asheville	NC	94992	0
atascadero	CA	29743	0
athens-clarke county	GA	129995	0
atlanta	GA	520070	5448
atlantic city	NJ	38959	0
attleboro	MA	47085	0
atwater	CA	32248	2589
auburn hills	MI	26047	0
auburndale	FL	20659	797
augusta-richmond county	GA	206303	0
austin	TX	993588	26690
austintown	OH	35643	0
aventura	FL	40531	0
avon lake	OH	26342	0
avondale	AZ	96609	1274
azusa	CA	48383	0
babylon	NY	218566	0
bainbridge island	WA	24618	0
bakersfield	CA	417468	1297
balch springs	TX	27307	0
baldwin park	CA	69247	83
ballwin	MO	31036	0
baltimore	MD	568271	3089
banning	CA	31929	0
barberton	OH	24624	0
barnegat	NJ	25871	0
barnstable town	MA	49831	0
barstow	CA	24897	256
bartlesville	OK	38355	0
bartow	FL	22084	178
baton rouge	LA	220907	0
battle creek	MI	52205	1178
battle ground	WA	22959	1904
bayonne	NJ	74532	0
baytown	TX	86004	2187
beavercreek	OH	57782	0
beaverton	OR	98302	1876
bell	CA	31930	2081
bell gardens	CA	37565	0
bella vista	AR	33274	0
bellflower	CA	75716	532
bellingham	WA	95860	17998
beloit	WI	36633	3400
belvidere	IL	29342	2545
benbrook	TX	24542	0
bend	OR	106926	0
benicia	CA	26477	0
bensalem	PA	63080	0
bentonville	AR	61791	0
bergenfield	NJ	28921	0
bernards	NJ	28718	0
berwyn	IL	55152	232
bessemer	AL	25079	1780
bethel park	PA	32376	0
bettendorf	IA	40281	0
beverly	MA	43223	2543
biddeford	ME	22370	0
big spring	TX	22541	1677
billerica	MA	42978	0
billings	MT	121483	2364
biloxi	MS	48144	0
binghamton	NY	46773	0
birmingham	AL	196357	22198
bismarck	ND	77772	1222
bixby	OK	31728	0
blackman	MI	25499	0
blacksburg	VA	45452	1954
blaine	MN	75172	6371
bloom	IL	83626	11280
bloomingdale	IL	111677	7795
bloomington city	IL	79232	0
blue island	IL	21805	0
blue springs	MO	61246	439
boardman	OH	39749	4345
boca raton	FL	102238	0
boerne	TX	22712	0
boise city	ID	237963	1077
bolingbrook	IL	74756	0
bonita springs	FL	57112	0
bonney lake	WA	22145	0
bossier city	LA	63218	0
boston	MA	673458	7948
bothell	WA	51770	0
boulder	CO	106803	1305
bountiful	UT	45024	0
bourbonnais	IL	39076	0
bourne	MA	20508	0
bowie	MD	58421	6054
boynton beach	FL	83095	0
bozeman	MT	57894	0
bradenton	FL	58184	0
braintree town	MA	39134	0
branford	CT	28448	772
brawley	CA	28188	0
brea	CA	47844	0
bremen	IL	104285	7647
bremerton	WA	45291	0
brick	NJ	76629	0
bridgeport	CT	151599	9878
bridgewater	NJ	46871	6826
bridgewater town	MA	29167	0
brigham city	UT	20319	0
brockton	MA	105788	0
broken arrow	OK	122756	0
brookhaven	NY	492759	59370
brookline	MA	63925	5815
brooklyn center	MN	31755	0
brooklyn park	MN	82893	0
broomfield	CO	78323	1936
brownsburg	IN	33430	0
brownstown	MI	32778	5789
brownsville	TX	191967	9358
bryan	TX	91541	8601
bryant	AR	22271	479
buckeye	AZ	114334	1411
buckingham	PA	20844	238
buena park	CA	82611	0
buffalo	NY	276617	16736
buffalo grove	IL	43072	0
bullhead city	AZ	43266	0
burien	WA	52046	0
burleson	TX	56253	0
burlingame	CA	30885	1712
burnsville	MN	64864	1626
burton	MI	29420	4893
butte-silver bow	MT	36134	0
butte-silver bow (balance)	MT	35480	0
cabot	AR	27575	1468
calabasas	CA	22256	0
caldwell	ID	73088	9326
calexico	CA	38744	0
calumet	IN	90044	17964
calumet city	IL	34855	0
camarillo	CA	69881	0
camas	WA	27313	0
cambridge	MA	121186	13801
camden	NJ	71749	10116
camillus	NY	25285	0
campbell	CA	42895	7751
cape coral	FL	233025	0
cape girardeau	MO	40818	0
capital	IL	111140	82
carol stream	IL	39556	0
carpentersville	IL	37144	0
carrboro	NC	21079	0
carteret	NJ	26003	0
cartersville	GA	25082	0
cary	NC	182659	18031
casa grande	AZ	68927	0
cascade	MI	20172	2835
caseyville	IL	34699	0
casper	WY	58823	0
casselberry	FL	31650	0
castle rock	CO	83213	2445
cathedral city	CA	52517	0
cedar city	UT	40885	0
cedar falls	IA	41417	0
cedar hill	TX	49618	304
cedar park	TX	78380	0
cedar rapids	IA	137904	376
centennial	CO	108853	0
center	IN	153626	11765
centerton	AR	25745	0
central falls	RI	23034	0
ceres	CA	49253	811
cerritos	CA	46851	0
chambersburg	PA	23041	134
chamblee	GA	32321	0
champaign	IL	91961	0
champaign city	IL	91961	0
champlin	MN	23045	0
chandler	AZ	281231	3914
chanhassen	MN	25746	0
chapel hill	NC	64028	1897
charlotte	NC	943476	9301
charlottesville	VA	44767	0
chaska	MN	30167	0
chattanooga	TN	191496	408
cheektowaga	NY	88484	0
chelmsford	MA	36953	0
cheltenham	PA	38840	0
cherry hill	NJ	78988	0
chesapeake	VA	254997	1281
cheshire	CT	30610	3190
cheyenne	WY	65704	736
chicago	IL	2721308	38
chicago heights	IL	26533	0
chico	CA	102911	1103
chicopee	MA	55381	0
chili	NY	28926	594
chino	CA	94010	0
chino hills	CA	77418	0
christiansburg	VA	22632	503
chula vista	CA	278546	0
cibolo	TX	37816	0
cincinnati	OH	314915	8749
citrus heights	CA	86909	0
city of orange	NJ	35079	0
claremore	OK	20602	0
clarence	NY	33266	1903
clarkstown	NY	87715	0
clarksville	TN	185690	22041
clear creek	OH	38225	5301
clearfield	UT	34778	5794
clearwater	FL	116811	2697
cleburne	TX	38131	0
clemmons	NC	22471	0
clermont	FL	50851	1992
cleveland	OH	365379	50232
cleveland heights	OH	44064	0
cliffside park	NJ	26183	0
clifton	NJ	90322	3815
clifton park	NY	37901	0
coachella	CA	45165	0
coconut creek	FL	59721	0
coeur d'alene	ID	57355	0
colerain	OH	59340	3989
college station	TX	128023	0
colleyville	TX	26012	0
collierville	TN	51951	0
colonie	NY	86531	0
colorado springs	CO	493554	0
colton	CA	53528	1491
columbia heights	MN	22358	0
commerce city	CO	70245	0
compton	CA	91129	813
conroe	TX	114581	0
converse	TX	31400	1125
conyers	GA	20111	0
cookeville	TN	37102	0
coolbaugh	PA	20577	0
coon rapids	MN	63807	1258
cooper city	FL	35541	0
coppell	TX	41785	0
copperas cove	TX	39627	0
coral gables	FL	50379	0
coral springs	FL	140808	0
coralville	IA	23959	0
corona	CA	161540	127
corpus christi	TX	317317	0
corsicana	TX	25591	0
cortlandt	NY	41763	628
corvallis	OR	61993	0
costa mesa	CA	109131	0
cottonwood heights	UT	32437	0
council bluffs	IA	62665	0
covina	CA	49245	0
cranberry	PA	35004	1413
cranford	NJ	24513	0
cranston	RI	84448	0
crest hill	IL	20223	0
crestview	FL	30727	465
crown point	IN	35097	1982
crystal	MN	22082	2726
crystal lake	IL	41513	1088
cullman	AL	20239	0
culpeper	VA	21464	0
culver city	CA	39883	0
cunningham	IL	39831	403
cupertino	CA	58710	0
cutler bay	FL	45833	0
cuyahoga falls	OH	50979	0
cypress	CA	49286	219
dallas	TX	1326087	17911
daly city	CA	101418	0
dana point	CA	32585	0
danbury	CT	88692	4864
dania beach	FL	33076	0
danvers	MA	28590	1856
daphne	AL	30751	0
dartmouth	MA	34139	0
davenport	IA	100938	16764
davie	FL	112052	0
davis	CA	67125	2831
davison	MI	20439	0
dayton	OH	136346	10744
daytona beach	FL	86015	0
de pere	WI	25453	0
de witt	NY	25345	514
dearborn	MI	106377	506
dearborn heights	MI	61040	0
debary	FL	23468	0
dedham	MA	25485	1658
deer park	TX	34495	5437
deerfield beach	FL	90507	0
dekalb	IL	42933	0
del city	OK	21272	0
del rio	TX	34678	0
deland	FL	45587	0
delano	CA	53198	7513
delaware city	OH	43073	1933
delray beach	FL	70140	0
deltona	FL	100513	0
denton	TX	165998	5418
denver	CO	729019	3760
deptford	NJ	32570	0
des moines	IA	213096	33207
des plaines	IL	58832	0
desert hot springs	CA	33917	0
desoto	TX	56711	0
detroit	MI	645705	1969
diamond bar	CA	52292	0
dinuba	CA	25833	0
dodge city	KS	27663	564
dolton	IL	20697	120
doral	FL	83625	0
dothan	AL	71650	0
douglasville	GA	40540	0
downers grove	IL	150102	0
downey	CA	109368	580
dracut	MA	32972	0
draper	UT	50166	243
du page	IL	88086	0
duarte	CA	23493	0
dubuque	IA	58987	0
duncan	OK	23174	4594
duncanville	TX	39203	0
dundee	IL	64114	8785
dunedin	FL	35932	0
dunwoody	GA	51795	0
durant	OK	20908	1973
durham	NC	301870	15270
eagan	MN	67240	0
eagle mountain	UT	60575	0
eagle pass	TX	28768	0
easley	SC	27001	0
east brunswick	NJ	51086	1892
east chicago	IN	25768	0
east fishkill	NY	29755	0
east hartford	CT	51127	0
east haven	CT	27953	273
east hempfield	PA	27247	0
east lansing	MI	48964	0
east moline	IL	20995	0
east orange	NJ	71850	0
east palo alto	CA	29296	0
east pennsboro	PA	21490	0
east peoria	IL	22024	0
east point	GA	38270	0
east providence	RI	47961	1820
east ridge	TN	21970	0
eastchester	NY	33860	0
eastpointe	MI	33943	0
eastvale	CA	70751	175
eau claire	WI	72331	543
eden prairie	MN	62905	0
edina	MN	53564	1012
edinburg	TX	108733	2383
edison	NJ	110002	1157
edmond	OK	99040	27
edmonds	WA	42871	0
edwardsville	IL	40499	4977
egg harbor	NJ	48538	1533
el cajon	CA	103291	0
el centro	CA	44230	0
el cerrito	CA	26409	0
el mirage	AZ	36468	0
el monte	CA	104639	0
el paso	TX	681723	3392
el paso de robles (paso robles)	CA	31568	0
el reno	OK	20041	0
ela	IL	46380	0
elgin	IL	114701	12438
elizabeth	NJ	140413	12515
elk grove village	IL	31802	0
elk river	MN	27606	144
elkhart	IN	53690	1726
elko	NV	20822	140
ellensburg	WA	20996	0
elmhurst	IL	46108	840
elmira	NY	26255	1777
elyria	OH	53604	169
encinitas	CA	61137	0
enfield	CT	41140	4482
enid	OK	50519	0
ennis	TX	24753	1081
enterprise	AL	30731	2400
erlanger	KY	20172	0
escondido	CA	148847	0
estero	FL	38443	0
euclid	OH	48421	137
eugene	OR	178786	1729
euless	TX	60010	0
eustis	FL	25067	674
evanston	IL	76006	11691
evansville	IN	115395	5819
evesham	NJ	49050	0
ewing	NJ	35858	1311
fair lawn	NJ	36489	0
fairbanks	AK	31732	714
fairborn	OH	35105	0
fairhope	AL	26044	100
fall creek	IN	74564	1391
fall river	MA	94689	1853
fargo	ND	136285	1252
faribault	MN	24983	0
farmers branch	TX	37341	0
farmington hills	MI	84173	0
farragut	TN	25242	480
fate	TX	27467	0
federal way	WA	100252	0
fernley	NV	25508	0
findlay	OH	40343	7478
fishers	IN	103986	0
fishkill	NY	22947	0
flagstaff	AZ	77539	0
flint	MI	79735	95
florissant	MO	51290	0
flower mound	TX	79990	0
foley	AL	28043	2666
folsom	CA	88091	1840
fond du lac	WI	44469	0
fontana	CA	218455	231
forest grove	OR	27076	0
forest lake	MN	20700	1102
forney	TX	38572	0
fort collins	CO	170924	0
fort dodge	IA	24886	0
fort lauderdale	FL	190641	0
fort lee	NJ	40566	0
fort mill	SC	36244	0
fort myers	FL	99918	0
fort pierce	FL	50805	0
fort smith	AR	90507	0
fort walton beach	FL	21188	0
fort wayne	IN	273203	0
fort worth	TX	1008106	0
foster city	CA	32657	0
fountain	CO	29457	587
fountain hills	AZ	23696	0
fountain valley	CA	56036	0
framingham	MA	73361	0
franklin town	MA	33742	0
freehold	NJ	35800	1175
fremont	CA	228192	34111
frenchtown	MI	21732	1495
fresno	CA	550105	0
fridley	MN	30679	0
friendswood	TX	41291	0
frisco	TX	235208	2732
fullerton	CA	140054	1217
fulshear	TX	54629	0
fuquay-varina	NC	46317	0
gadsden	AL	33086	476
gahanna	OH	35544	0
gaines	MI	30302	3195
gaithersburg	MD	70686	0
galesburg	IL	29289	2083
galesburg city	IL	29289	0
gallatin	TN	52489	1852
galloway	NJ	38347	0
gallup	NM	20339	0
galt	CA	26589	166
galveston	TX	53538	1275
garden grove	CA	172361	173
gardena	CA	58921	23
garfield heights	OH	29014	0
garland	TX	250431	2772
garner	NC	39345	3049
gary	IN	67555	687
gastonia	NC	85535	0
gates	NY	28823	654
gilbert	AZ	288790	1655
gillette	WY	33846	0
gilroy	CA	60390	0
glassboro	NJ	24322	0
glastonbury	CT	35553	0
glen cove	NY	28088	0
glen ellyn	IL	28872	0
glendale heights	IL	32866	0
glendora	CA	50101	139
glenview	IL	47634	604
glenville	NY	29675	1054
golden	CO	20151	1691
golden valley	MN	21263	188
goldsboro	NC	34629	936
goleta	CA	32611	0
goodyear	AZ	118186	0
goose creek	SC	50352	776
grand blanc	MI	40056	0
grand chute	WI	24759	0
grand forks	ND	59845	191
grand junction	CO	70554	715
grand prairie	TX	207331	1533
grand rapids	MI	200117	11244
granite city	IL	26854	0
grant	IL	28557	5589
grants pass	OR	39468	0
grapevine	TX	51320	0
grayslake	IL	21262	0
great falls	MT	60013	1926
greece	NY	94642	0
greeley	CO	114363	1028
green	OH	60349	7872
green bay	WI	106311	0
greenacres	FL	45197	0
greenbelt	MD	24843	0
greenburgh	NY	93955	0
greensboro	NC	307381	3573
greenwich	CT	64594	5528
greer	SC	46316	1926
gresham	OR	111507	535
griffin	GA	23994	142
grove city	OH	44019	7749
guilderland	NY	37949	0
gulfport	MS	74621	11645
gurnee	IL	30546	0
hackensack	NJ	46630	300
hagerstown	MD	43909	1684
haines city	FL	42073	0
halfmoon	NY	26567	2852
hallandale beach	FL	43043	0
haltom city	TX	45786	0
hamden	CT	61510	1118
hampton	VA	137596	21549
hamtramck	MI	27424	0
hanahan	SC	21983	0
hanford	CA	60594	0
hanover park	IL	36685	0
happy valley	OR	28969	0
harker heights	TX	35263	0
harlem	IL	39279	5135
harlingen	TX	72234	0
harrisonburg	VA	51164	262
hartford	CT	122129	15984
hattiesburg	MS	48522	0
haverford	PA	51291	0
haverhill	MA	68291	4620
haverstraw	NY	39476	0
hays	KS	21213	264
hayward	CA	158440	3929
hazelwood	MO	24951	0
hazlet	NJ	20641	0
hazleton	PA	30354	711
hemet	CA	92912	0
hempfield	PA	41579	0
hempstead	NY	792341	6658
henderson	NV	350039	27750
henrietta	NY	49450	4727
henry	IN	22002	4124
hercules	CA	26499	0
herndon	VA	25180	344
herriman	UT	62352	0
hesperia	CA	101836	977
hialeah	FL	235388	0
hialeah gardens	FL	23328	0
hickory	NC	45081	2285
high point	NC	118601	0
hilliard	OH	38832	3077
hillsboro	OR	110337	8878
hilton head island	SC	38158	0
hinesville	GA	36583	0
hingham	MA	24414	128
hobbs	NM	41061	0
hoboken	NJ	59149	505
hoffman estates	IL	50920	0
holden	MA	20326	3412
holladay	UT	30588	0
holland	MI	40521	5232
hollister	CA	45033	4659
hollywood	FL	159073	5503
holyoke	MA	37838	2296
homer	IL	41486	6136
homer glen	IL	24852	0
homestead	FL	85796	2852
hoover	AL	93013	0
hopkinsville	KY	30800	0
horizon city	TX	24802	0
horn lake	MS	26574	0
horsham	PA	27735	0
hot springs	AR	37971	3608
houma	LA	31671	0
houston	TX	2390125	3702
howell	NJ	54397	9914
huber heights	OH	43590	0
huntersville	NC	67087	105
huntington beach	CA	193151	0
huntington park	CA	52166	0
huntley	IL	28495	57
hurst	TX	39500	750
hutto	TX	42661	0
hyattsville	MD	21052	0
idaho falls	ID	69523	0
imperial	CA	22102	1975
imperial beach	CA	25568	0
indian trail	NC	43867	0
indianapolis	IN	900896	0
indio	CA	94275	0
inglewood	CA	102774	368
inkster	MI	25108	190
inver grove heights	MN	36226	0
iowa city	IA	76710	0
irondequoit	NY	50380	0
irvine	CA	318683	2287
irving	TX	258060	3839
irvington	NJ	61838	6502
islip	NY	339170	0
issaquah	WA	39664	0
ithaca	NY	33768	2813
jacksonville	FL	1009833	70840
jacksonville beach	FL	23630	0
janesville	WI	66428	2462
jeffersontown	KY	29388	0
jeffersonville	IN	64140	1772
jenks	OK	27869	3623
jersey city	NJ	302824	0
johns creek	GA	81167	0
johnson city	TN	73635	14698
joliet	IL	151837	620
jonesboro	AR	82384	6084
joplin	MO	53605	0
juneau	AK	31572	2699
jupiter	FL	62987	103
jurupa valley	CA	108154	0
kalamazoo	MI	73290	0
kalispell	MT	31296	0
kankakee	IL	23974	4747
kannapolis	NC	60521	0
katy	TX	27741	0
kaysville	UT	33252	0
kearns metro	UT	39398	0
kearny	NJ	40866	1898
keizer	OR	39152	0
keller	TX	46643	144
kenner	LA	64650	0
kennesaw	GA	37740	0
kennewick	WA	86728	0
kenosha	WI	99578	0
kentwood	MI	54768	2195
kernersville	NC	28760	0
kerrville	TX	25141	0
kettering	OH	57028	0
key west	FL	25240	246
killeen	TX	160616	0
kingman	AZ	35383	2866
kingsland	GA	20789	340
kingsport	TN	57109	0
kingsville	TX	24884	1635
kirkland	WA	95499	9735
kirkwood	MO	29348	5323
kiryas joel	NY	43863	0
kissimmee	FL	84756	0
klamath falls	OR	22174	0
knight	IN	67804	212
knightdale	NC	21829	0
knoxville	TN	198722	7440
kokomo	IN	60093	0
kuna	ID	29127	0
kyle	TX	65833	0
la crosse	WI	51049	1208
la habra	CA	61391	0
la marque	TX	20194	0
la mesa	CA	60767	0
la mirada	CA	46367	0
la puente	CA	36670	0
la quinta	CA	39907	0
la vergne	TN	41430	0
la verne	CA	30192	0
laguna beach	CA	22564	0
laguna hills	CA	30378	0
laguna niguel	CA	64185	0
lake	OH	30452	4907
lake charles	LA	81157	0
lake elsinore	CA	73595	0
lake havasu city	AZ	59037	0
lake in the hills	IL	28706	0
lake jackson	TX	28158	0
lake oswego	OR	40029	0
lake stevens	WA	41350	0
lake villa	IL	39936	0
lake worth beach	FL	44417	0
lakeland	FL	124990	14416
lakeville	MN	77971	12262
lancaster city	OH	41660	0
laramie	WY	32957	0
laredo	TX	261260	155
largo	FL	82337	0
las cruces	NM	116998	0
las vegas	NV	678922	12711
lathrop	CA	40860	2275
lauderdale lakes	FL	37333	0
lauderhill	FL	76627	0
lawndale	CA	30160	574
lawrenceville	GA	31877	4315
lawton	OK	90027	1876
layton	UT	84348	208
le ray	NY	24274	749
league city	TX	118456	0
leander	TX	87511	0
leavenworth	KS	37370	2908
leawood	KS	34013	634
lee's summit	MO	106419	0
lehi	UT	93446	0
leland	NC	34451	3627
lemon grove	CA	27867	0
lemont	IL	22918	0
lemoore	CA	27057	0
lenexa	KS	59427	0
leominster	MA	44209	0
lewisville	TX	135983	14203
lexington-fayette	KY	329437	0
leyden	IL	90471	1582
libertyville	IL	54674	278
lima	OH	34690	4160
limerick	PA	21536	3548
lincoln	NE	300619	56268
linden	NJ	45393	4185
lindenwold	NJ	21919	0
lino lakes	MN	22774	0
lisle	IL	120078	2640
little egg harbor	NJ	21587	0
little elm	TX	61219	0
little rock	AR	204774	14902
livermore	CA	84867	2190
livonia	MI	93113	7515
loma linda	CA	25197	1005
lombard	IL	44490	0
lompoc	CA	43594	0
londonderry	NH	27101	4924
long beach	CA	450901	34777
long branch	NJ	33214	413
longmont	CO	99818	0
lorain	OH	65751	577
los altos	CA	30864	0
los angeles	CA	3878704	0
los banos	CA	48684	0
los gatos	CA	32952	0
louisville/jefferson county metro government	KY	793881	0
louisville/jefferson county metro government (balance)	KY	640796	0
loveland	CO	81102	13277
loves park	IL	23636	0
lowell	MA	120418	11568
lower	NJ	21705	0
lower allen	PA	20873	0
lower macungie	PA	33246	0
lower makefield	PA	34216	0
lower merion	PA	64702	0
lower paxton	PA	55465	0
lower providence	PA	26136	0
lower southampton	PA	20525	0
lubbock	TX	272086	0
lufkin	TX	34399	0
lynbrook	NY	20684	0
lynchburg	VA	80301	1544
lynn	MA	103489	4336
lynn haven	FL	21954	0
lynnwood	WA	41597	0
lynwood	CA	63596	9239
lyon	MI	26574	319
lyons	IL	112291	5536
lysander	NY	23171	0
mableton	GA	78314	0
machesney park	IL	22839	0
macomb	MI	94302	14765
macon-bibb county	GA	157056	0
madera	CA	69094	0
madison heights	MI	28626	0
magna metro	UT	31381	0
mahwah	NJ	25806	0
maine	IL	136256	5029
malden	MA	66693	3525
mamaroneck	NY	31240	0
manalapan	NJ	40762	441
manassas	VA	43616	61
mandan	ND	24788	0
manhattan beach	CA	33453	63
manheim	PA	44443	3052
manitowoc	WI	34616	0
mankato	MN	46459	826
manlius	NY	33153	6084
manteca	CA	94292	0
maple grove	MN	72739	2641
maple heights	OH	23081	0
maple shade	NJ	20322	0
maple valley	WA	28553	1987
marana	AZ	62380	0
marblehead	MA	20576	835
margate	FL	60650	0
maricopa	AZ	76654	1012
marina	CA	23047	0
marlboro	NJ	41852	4263
marple	PA	24423	0
marquette	MI	21845	725
marshalltown	IA	27886	0
martinez	CA	37006	0
maryland heights	MO	27671	0
mason city	IA	26948	2231
massillon	OH	32750	0
matthews	NC	32048	501
mauldin	SC	29746	0
mcallen	TX	148782	0
mccandless	PA	28684	0
mcdonough	GA	32803	782
mchenry	IL	47798	382
mckinney	TX	227526	53
mebane	NC	20654	0
medina city	OH	25739	0
melbourne	FL	87561	1879
melissa	TX	26194	0
melrose	MA	29938	5500
melrose park	IL	23999	0
memphis	TN	610919	2041
menifee	CA	117041	313
menlo park	CA	33040	0
menomonee falls	WI	40700	0
mentor	OH	47113	1085
mequon	WI	25329	0
merced	CA	96073	0
mercer island	WA	25302	0
meriden	CT	60849	719
merrillville	IN	36989	0
merrimack	NH	29367	0
mesa	AZ	517151	388
mesquite	TX	150140	23599
methuen	MA	54272	0
miami	FL	487014	52550
miami beach	FL	83251	0
miami gardens	FL	116173	0
miami lakes	FL	33247	0
miamisburg	OH	20253	0
michigan	IN	26966	115
michigan city	IN	31466	260
middleborough	MA	24847	0
midvale	UT	36219	656
midwest city	OK	58505	0
mifflin	OH	38100	2360
mill creek	WA	20993	1036
millbrae	CA	23321	0
millburn	NJ	22756	0
millville	NJ	27838	3187
milpitas	CA	79746	0
milwaukee	WI	563531	0
milwaukie	OR	21620	0
minneapolis	MN	428579	1939
minnetonka	MN	52651	0
minot	ND	47440	2826
mint hill	NC	28825	0
miramar	FL	143242	0
mishawaka	IN	51020	0
mission	TX	88574	10127
mission viejo	CA	91601	0
missoula	MT	78204	0
missouri city	TX	78582	219
mobile	AL	201367	0
modesto	CA	220592	176
moline	IL	42442	336
monrovia	CA	37787	2322
montebello	CA	60617	4723
monterey	CA	29015	2796
monterey park	CA	57996	0
montgomery	AL	195818	26280
moon	PA	26753	0
moore	OK	63845	9435
moorestown	NJ	21796	0
mooresville	NC	52884	10027
moorhead	MN	45726	1764
moorpark	CA	35621	0
moraine	IL	34773	6603
moreno valley	CA	213919	0
morgan hill	CA	45952	0
morgantown	WV	30490	2510
morton grove	IL	24467	0
moscow	ID	26894	2020
moses lake	WA	26969	0
mount juliet	TN	44066	0
mount laurel	NJ	47211	0
mount lebanon	PA	32917	63
mount olive	NJ	29499	4498
mount prospect	IL	55460	0
mountain brook	AL	21701	0
mountain view	CA	87316	2950
mountlake terrace	WA	25198	0
muhlenberg	PA	22464	860
mukilteo	WA	21299	0
muncie	IN	65320	148
mundelein	IL	32641	0
munster	IN	23634	644
murfreesboro	TN	168387	2277
murphy	TX	21109	1693
murrieta	CA	112539	0
murrysville	PA	20729	0
muscatine	IA	23298	0
muskego	WI	25759	32
muskegon	MI	37287	0
muskogee	OK	36849	0
mustang	OK	23965	0
myrtle beach	SC	40535	0
nacogdoches	TX	32381	0
nampa	ID	117350	0
napa	CA	76921	0
naperville	IL	153124	0
nashua	NH	91851	1515
nashville-davidson	TN	729505	0
natick	MA	37316	0
national city	CA	58460	0
naugatuck	CT	32116	0
neenah	WI	27502	0
neptune	NJ	28210	0
new bedford	MA	101318	75
new berlin	WI	40302	2491
new bern	NC	34218	0
new braunfels	TX	116477	0
new britain	CT	75871	12354
new brunswick	NJ	57487	0
new canaan	CT	21160	0
new haven	CT	137562	16200
new hope	MN	20745	2954
new iberia	LA	26849	0
new lenox	IL	44907	0
new orleans	LA	362701	0
new rochelle	NY	85512	0
new smyrna beach	FL	33144	0
new trier	IL	56064	80
new windsor	NY	27853	1758
new york	NY	8478072	258
newark	NJ	317303	51424
newberg	OR	27136	1591
newburgh	NY	31849	3430
newington	CT	31692	837
newnan	GA	45548	0
newport beach	CA	82970	0
newport news	VA	183056	0
niagara falls	NY	47512	0
nicholasville	KY	33458	0
niles	IL	109048	18238
niskayuna	NY	24038	0
nixa	MO	26352	0
noblesville	IN	75239	0
norco	CA	25400	0
norfolk	VA	231105	26162
normal	IL	53304	48
norman	OK	131010	1580
norristown	PA	36075	0
north	IN	153420	1545
north andover	MA	32135	0
north attleborough town	MA	31210	0
north augusta	SC	26395	0
north bergen	NJ	61668	0
north brunswick	NJ	45323	0
north charleston	SC	126005	0
north chicago	IL	30639	0
north haven	CT	24844	1197
north hempstead	NY	237692	0
north huntingdon	PA	31810	0
north kingstown	RI	27938	0
north las vegas	NV	294034	0
north lauderdale	FL	46335	0
north liberty	IA	21904	1632
north little rock	AR	64498	0
north miami	FL	62202	295
north miami beach	FL	45655	0
north myrtle beach	SC	20798	0
north ogden	UT	22908	0
north olmsted	OH	31690	0
north plainfield	NJ	23072	0
north platte	NE	22549	0
north port	FL	92875	0
north providence	RI	34791	0
north richland hills	TX	71436	0
north ridgeville	OH	37504	0
north royalton	OH	30894	0
north salt lake	UT	23593	0
north tonawanda	NY	29981	0
northbrook	IL	34546	0
northglenn	CO	38287	0
norton shores	MI	25070	0
norwood park	IL	26582	0
novato	CA	52311	0
novi	MI	67675	0
nunda	IL	38888	2666
nutley	NJ	30508	79
oak creek	WI	38373	954
oak forest	IL	26813	0
oak harbor	WA	24163	2790
oak lawn	IL	56531	1864
oakland	CA	443554	20719
oakland park	FL	45771	0
oakley	CA	47158	2124
ocala	FL	70251	0
ocean	NJ	27992	0
oceanside	CA	170941	0
ocoee	FL	51269	0
oconomowoc	WI	20002	0
odessa	TX	119748	5689
ohio	IN	42996	7330
oklahoma city	OK	712919	0
olathe	KS	149035	1970
old bridge	NJ	70506	0
olive branch	MS	47365	0
olympia	WA	56271	0
omaha	NE	489265	939
onondaga	NY	22521	3039
ontario	CA	185285	11957
opelika	AL	35005	0
orangetown	NY	49193	0
orchard park	NY	29885	0
oregon city	OR	38327	0
orem	UT	96646	0
orion	MI	39119	1714
orland	IL	96553	8605
orland park	IL	58020	0
orlando	FL	334854	139
ormond beach	FL	44596	0
oro valley	AZ	48855	0
oshkosh	WI	67242	767
oshtemo	MI	23979	0
osolo	IN	28825	0
ossining	NY	39203	0
ottumwa	IA	25648	711
overland park	KS	202893	0
oviedo	FL	41901	0
owasso	OK	42821	0
owatonna	MN	26626	0
owensboro	KY	60675	0
oxnard	CA	200616	0
oyster bay	NY	299540	0
pacifica	CA	37056	0
paducah	KY	26712	967
painesville	OH	20660	0
palatine	IL	111316	3226
palisades park	NJ	20520	0
palm bay	FL	142023	0
palm beach gardens	FL	63284	0
palm coast	FL	106729	0
palm desert	CA	53147	0
palm tree	NY	43863	0
palmdale	CA	162536	0
palmetto bay	FL	25402	0
palo alto	CA	67658	977
palos	IL	55406	0
panama city	FL	37024	0
papillion	NE	25248	0
paragould	AR	30680	0
paramount	CA	51169	0
paramus	NJ	26786	0
park forest	IL	21016	0
parker	CO	65473	6332
parkersburg	WV	28834	1986
parkland	FL	39700	1242
parma heights	OH	20524	0
parsippany-troy hills	NJ	56729	0
pascagoula	MS	21476	0
pasco	WA	81724	0
passaic	NJ	70722	30
paterson	NJ	160463	0
pawtucket	RI	76996	0
peabody	MA	55418	1101
peachtree city	GA	40758	0
peachtree corners	GA	42638	0
pearl	MS	28458	196
pearland	TX	129620	0
peekskill	NY	25757	0
pekin	IL	31266	75
pemberton	NJ	27333	222
pembroke pines	FL	179326	0
penfield	NY	38705	1827
penn hills	PA	39638	0
pennsauken	NJ	37665	0
pensacola	FL	53898	107
peoria city	IL	96579	0
perinton	NY	46902	0
perris	CA	83032	0
perrysburg	OH	25313	1482
perth amboy	NJ	56939	0
petaluma	CA	59393	0
peters	PA	23248	100
petersburg	VA	34058	2277
pflugerville	TX	66819	0
pharr	TX	81142	0
phenix city	AL	38509	0
philadelphia	PA	1573916	6938
phoenix	AZ	1673164	4570
phoenixville	PA	20286	0
pickerington	OH	25814	0
pico rivera	CA	59363	0
pigeon	IN	26848	1190
pike	IN	83591	6696
pine bluff	AR	38785	0
pinellas park	FL	53503	0
piqua	OH	20940	0
piscataway	NJ	62733	0
pittsburgh	PA	307668	0
pittsford	NY	30459	2891
placentia	CA	53395	0
plain	OH	53408	8912
plainsboro	NJ	24558	0
plano	TX	293286	12677
plant city	FL	43046	0
plantation	FL	100694	837
pleasant	IN	66680	10921
pleasant prairie	WI	21802	228
pleasanton	CA	75664	11409
plum	PA	26420	304
pocatello	ID	58231	0
pomona	CA	147966	3961
pompano beach	FL	118104	0
ponca city	OK	24234	0
pontiac	MI	62528	12198
pooler	GA	31171	0
port angeles	WA	20112	0
port arthur	TX	55799	0
port chester	NY	30957	0
port hueneme	CA	21325	0
port huron	MI	28342	0
port orange	FL	66556	0
port st. lucie	FL	258575	0
porterville	CA	63517	0
portland	OR	635749	69568
post falls	ID	45800	0
pottstown	PA	23553	0
poughkeepsie	NY	45708	0
poway	CA	49435	0
prairie village	KS	22919	0
prattville	AL	40139	0
prescott	AZ	48224	4584
prescott valley	AZ	51440	0
prior lake	MN	28018	0
prosper	TX	44503	702
providence	RI	194706	9447
proviso	IL	147156	0
provo	UT	115479	34
pueblo	CO	111166	0
pullman	WA	33543	133
punta gorda	FL	20416	0
puyallup	WA	42552	0
queen creek	AZ	83781	0
queensbury	NY	29100	0
racine	WI	78057	659
radcliff	KY	22706	0
radnor	PA	34130	5192
rahway	NJ	30763	0
raleigh	NC	499825	1073
ramapo	NY	156774	0
rancho cordova	CA	84113	0
rancho cucamonga	CA	176675	0
rancho palos verdes	CA	40064	0
rancho santa margarita	CA	46353	0
randolph	NJ	26780	5356
randolph town	MA	35114	0
rapid city	SD	79894	0
raritan	NJ	25288	236
raymore	MO	25962	0
raytown	MO	29244	0
redding	CA	93502	8830
redford	MI	47762	0
redlands	CA	74279	0
redondo beach	CA	68075	0
redwood city	CA	82982	0
reedley	CA	26138	0
reno	NV	281714	4344
renton	WA	105543	0
republic	MO	21392	1020
revere	MA	60702	85
rexburg	ID	40695	0
reynoldsburg	OH	42897	0
rialto	CA	104918	0
rich	IL	73996	1502
richardson	TX	118221	522
ridgecrest	CA	28373	539
ridgeland	MS	24576	3744
ridgewood	NJ	26701	0
ridley	PA	31139	0
rio rancho	NM	112524	0
riverbank	CA	25625	0
riverhead	NY	36067	0
riverside	CA	323757	24472
riviera beach	FL	39620	0
roanoke	VA	97912	10895
rochester hills	MI	78330	0
rock hill	SC	75798	4669
rock island	IL	36434	1722
rock springs	WY	22967	351
rockaway	NJ	26893	0
rockford	IL	169120	24782
rockledge	FL	31429	2641
rocklin	CA	75129	0
rockville	MD	68417	2589
rockville centre	NY	25718	0
rockwall	TX	53547	0
rocky hill	CT	21373	755
rocky mount	NC	54541	4971
rocky river	OH	21468	0
rogers	AR	75639	14493
rohnert park	CA	44894	0
rolla	MO	20660	1157
rolling meadows	IL	23732	0
romeoville	IL	41177	0
romulus	MI	24652	3018
roscoe	IL	20233	1209
roseburg	OR	23795	0
rosemead	CA	49582	0
rosemount	MN	30581	0
rosenberg	TX	42571	0
rotterdam	NY	30981	0
round lake beach	IL	27091	0
round rock	TX	135359	0
rowlett	TX	68123	0
roxbury	NJ	23397	2310
roy	UT	38719	803
royal oak	MI	58251	0
royal palm beach	FL	41948	0
royse city	TX	26387	0
ruston	LA	22330	1048
rye	NY	48568	5663
sachse	TX	33008	0
saco	ME	21064	161
sacramento	CA	535798	424
sahuarita	AZ	37448	0
salinas	CA	160783	0
salt lake city	UT	217783	0
sammamish	WA	66474	0
san angelo	TX	100159	0
san antonio	TX	1526656	1577
san benito	TX	24712	0
san bernardino	CA	224775	0
san bruno	CA	42035	0
san buenaventura (ventura)	CA	109831	0
san carlos	CA	29403	0
san clemente	CA	62627	0
san diego	CA	1404452	3620
san dimas	CA	33226	0
san fernando	CA	23488	0
san francisco	CA	827526	853
san gabriel	CA	37926	0
san jacinto	CA	55515	0
san jose	CA	997368	469
san juan	TX	37341	0
san juan capistrano	CA	35469	0
san leandro	CA	86571	0
san luis	AZ	40064	628
san luis obispo	CA	49729	0
san mateo	CA	103006	0
san pablo	CA	31562	0
san rafael	CA	59961	0
san ramon	CA	85924	0
sand springs	OK	20330	0
sandusky	OH	24174	2679
sandy	UT	92840	12990
sandy springs	GA	105505	0
santa ana	CA	316184	0
santa barbara	CA	87291	0
santa clara	CA	133132	8631
santa clarita	CA	229159	0
santa cruz	CA	62581	0
santa fe	NM	90551	13131
santa maria	CA	111346	0
santa monica	CA	90729	0
santa paula	CA	31786	0
santa rosa	CA	177524	2824
santee	CA	59104	814
sapulpa	OK	23297	0
sarasota	FL	57764	0
saugus	MA	29029	0
savage	MN	32896	0
savannah	GA	148808	7565
sayreville	NJ	47165	0
scarborough	ME	24010	0
schaumburg	IL	131447	0
schenectady	NY	69495	0
schererville	IN	29780	0
schertz	TX	44428	0
scioto	OH	27253	0
scotch plains	NJ	25223	0
scottsdale	AZ	246170	0
scranton	PA	75905	1112
seagoville	TX	20124	0
seal beach	CA	24421	0
searcy	AR	23997	0
seatac	WA	34024	0
seattle	WA	780995	0
sebastian	FL	27087	0
secaucus	NJ	22710	0
sedalia	MO	22310	695
seguin	TX	38789	0
shafter	CA	22754	457
shaker heights	OH	28689	0
shakopee	MN	48401	0
shaler	PA	27109	0
shawswick	IN	20778	0
sheboygan	WI	49624	0
sherman	TX	50229	4634
shields	IL	37715	590
shoreline	WA	66251	0
shoreview	MN	26939	0
shreveport	LA	176578	0
shrewsbury	MA	39620	7144
sierra vista	AZ	44710	0
siloam springs	AR	20075	0
silver spring	PA	21465	0
simi valley	CA	125778	0
simpsonville	SC	28078	3119
simsbury	CT	25353	0
sioux city	IA	86875	0
sioux falls	SD	209289	0
skokie	IL	65850	0
slidell	LA	28440	0
smithtown	NY	116228	0
snellville	GA	22336	0
soledad	CA	26345	0
somerville	MA	82149	14428
south bend	IN	103713	1801
south brunswick	NJ	47896	0
south burlington	VT	21713	0
south elgin	IL	24921	0
south euclid	OH	21363	0
south fulton	GA	112003	2177
south gate	CA	90805	0
south holland	IL	20775	0
south jordan	UT	86156	0
south kingstown	RI	32094	0
south lake tahoe	CA	21225	0
south milwaukee	WI	20233	0
south moline	IL	36150	0
south plainfield	NJ	25062	0
south portland	ME	26994	0
south salt lake	UT	26561	0
south san francisco	CA	64660	0
south st. paul	MN	20590	0
south whitehall	PA	21818	0
south windsor	CT	27062	0
southampton	NY	70646	10458
southaven	MS	57493	0
southbury	CT	20342	0
southfield	MI	76874	0
southgate	MI	29081	3802
southington	CT	44197	3728
southlake	TX	31500	0
southold	NY	24083	0
spanish fork	UT	47809	0
sparks	NV	111520	2068
spartanburg	SC	39606	0
spokane	WA	230609	0
spokane valley	WA	108267	0
spring	PA	28859	1463
spring hill	TN	59398	10070
spring valley	NY	33637	5404
springdale	AR	89368	11183
springettsbury	PA	27711	0
springville	UT	36027	5392
st. clair shores	MI	58077	0
st. george	UT	106288	4981
st. john	IN	71581	6472
st. louis	MO	279695	7465
st. louis park	MN	49899	0
st. michael	MN	21681	442
st. paul	MN	307465	3725
st. peters	MO	61398	0
st. petersburg	FL	267102	330
stamford	CT	139134	2952
stanton	CA	41188	3171
starkville	MS	25844	65
state college	PA	41228	0
statesboro	GA	35226	0
statesville	NC	31693	0
stephenville	TX	22147	0
sterling heights	MI	134342	0
stevens point	WI	26465	0
stickney	IL	40302	313
stockbridge	GA	35893	4003
stockton	CA	324975	8274
stonecrest	GA	61015	0
stoneham	MA	24550	272
stratford	CT	53610	7185
streamwood	IL	38360	0
strongsville	OH	45768	0
suffolk	VA	103105	0
sugar grove	IL	21150	1559
sugar hill	GA	28598	683
sugar land	TX	109851	0
suisun city	CA	29614	0
summerville	SC	52625	4421
sumter	SC	42958	492
sun prairie	WI	39253	137
sunny isles beach	FL	22903	0
sunnyvale	CA	156792	8839
sunrise	FL	100128	2163
surprise	AZ	167564	40
susquehanna	PA	28214	187
suwanee	GA	23062	0
swatara	PA	28006	0
sylvania	OH	50932	2655
tacoma	WA	228202	66
tallahassee	FL	205089	0
tamarac	FL	75147	72
tampa	FL	414547	105
tarpon springs	FL	26168	0
taunton	MA	61936	132
tavares	FL	22007	0
taylorsville	UT	57819	2294
teaneck	NJ	42578	0
temecula	CA	112431	0
tempe	AZ	190114	0
temple	TX	96267	6406
temple city	CA	34989	0
temple terrace	FL	27588	0
terre haute	IN	58531	207
terrell	TX	22977	0
tewksbury	MA	31796	5919
texas city	TX	57875	0
the colony	TX	45897	0
thousand oaks	CA	124229	0
tigard	OR	57301	0
tinley park	IL	54856	0
titusville	FL	49883	5155
toledo	OH	265638	3514
toms river	NJ	99873	0
tonawanda	NY	71411	0
tooele	UT	40919	0
topeka	KS	125467	1226
torrance	CA	139576	0
torrington	CT	35673	6211
tracy	CA	100136	2041
tredyffrin	PA	32067	0
trenton	NJ	91193	17957
trotwood	OH	23073	0
trumbull	CT	38073	1346
truro	OH	31444	2484
trussville	AL	27079	0
tualatin	OR	28036	0
tucker	GA	37224	0
tucson	AZ	554013	0
tukwila	WA	21636	0
tulare	CA	72601	204
tullahoma	TN	21035	0
tulsa	OK	415154	0
tumwater	WA	27826	0
tupelo	MS	37775	332
turlock	CA	72888	0
tuscaloosa	AL	114288	0
tustin	CA	78863	255
twentynine palms	CA	26563	0
twin falls	ID	55589	0
tyler	TX	112219	1102
universal city	TX	20267	0
university city	MO	34349	0
university place	WA	35160	0
upland	CA	79684	3819
upper allen	PA	24474	0
upper arlington	OH	36140	0
upper darby	PA	86045	0
upper dublin	PA	27489	0
upper macungie	PA	29284	0
upper merion	PA	36414	0
upper moreland	PA	26253	0
upper providence	PA	25092	0
upper st. clair	PA	20621	0
urban honolulu cdp	HI	344967	0
urbandale	IA	47759	0
utica	NY	63660	9032
vacaville	CA	103994	0
valdosta	GA	55667	0
vallejo	CA	123475	0
valley stream	NY	40232	0
valparaiso	IN	35065	4852
vancouver	WA	198992	0
venice	FL	29902	4528
vernon hills	IL	27002	0
vestal	NY	31847	0
vestavia hills	AL	38151	0
vicksburg	MS	20032	3976
victoria	TX	66020	11937
victorville	CA	140721	0
villa rica	GA	20095	0
vincennes	IN	21591	0
vineland	NJ	62070	90
violet	OH	50271	0
virginia beach	VA	454808	0
visalia	CA	146271	0
vista	CA	99322	37
voorhees	NJ	31473	0
wabash	IN	66679	2048
waco	TX	146608	654
wadsworth	OH	24753	3502
wake forest	NC	56764	0
wakefield	MA	29216	5508
wall	NJ	26722	672
walla walla	WA	33901	0
wallingford	CT	44389	2105
wallkill	NY	31401	0
walnut creek	CA	70817	4029
walpole	MA	26391	3717
waltham	MA	65849	451
wappinger	NY	28228	0
wareham	MA	23526	0
warminster	PA	33474	0
warner robins	GA	86199	0
warrington	PA	26305	0
wasco	CA	27409	446
washington	DC	702250	139113
watauga	TX	23120	367
waterbury	CT	115908	5434
waterloo	IA	67477	11165
watsonville	CA	51320	0
wauconda	IL	24373	0
waukee	IA	34420	0
waukegan	IL	89643	0
waukesha	WI	71461	0
wausau	WI	40262	390
wauwatosa	WI	48794	0
waxahachie	TX	48617	0
waxhaw	NC	23178	0
wea	IN	34953	2051
weathersfield	OH	24420	2834
webster groves	MO	23525	0
wellesley	MA	31242	0
wellington	FL	63258	12100
wenatchee	WA	35401	0
wentzville	MO	48646	0
weslaco	TX	43864	0
west allis	WI	59784	0
west bend	WI	32149	770
west bloomfield	MI	66586	2730
west chicago	IL	25469	0
west covina	CA	106920	0
west deerfield	IL	31786	0
west deptford	NJ	22653	0
west des moines	IA	73664	0
west fargo	ND	41027	0
west goshen	PA	24139	0
west hartford	CT	64184	0
west hollywood	CA	34371	0
west jordan	UT	116688	0
west lafayette	IN	46338	2462
west linn	OR	26597	0
west melbourne	FL	31378	0
west memphis	AR	23538	0
west milford	NJ	24990	454
west new york	NJ	52975	0
west orange	NJ	49211	3397
west palm beach	FL	127744	0
west sacramento	CA	55991	0
west seneca	NY	45381	0
west springfield town	MA	29028	0
west st. paul	MN	21920	0
west valley city	UT	138144	0
west warwick	RI	31326	0
west whiteland	PA	20885	0
west windsor	NJ	32241	1363
westborough	MA	22643	0
westerly	RI	23288	0
westerville	OH	38612	131
westfield washington	IN	66589	0
westford	MA	25024	2109
westland	MI	82745	2177
westmont	IL	24308	4795
wethersfield	CT	27372	3706
weymouth town	MA	60159	0
wheat ridge	CO	31999	0
wheatland	IL	91967	4843
wheaton	IL	53741	2772
wheeling	IL	153558	26060
white bear lake	MN	23479	0
white lake	MI	31499	852
white plains	NY	62561	847
white river	IN	55261	1416
whitemarsh	PA	20167	0
whitpain	PA	20626	0
whittier	CA	85589	253
wichita	KS	400991	0
wichita falls	TX	102372	0
wildomar	CA	37736	0
wilkes-barre	PA	44661	0
williamsport	PA	27628	4305
willingboro	NJ	32511	0
willmar	MN	21892	0
willoughby	OH	24208	0
wilmette	IL	27443	0
wilson	NC	48579	8169
wilsonville	OR	27895	1948
winder	GA	20628	0
winona	MN	26173	3906
winston-salem	NC	255769	0
winter garden	FL	48771	0
winter haven	FL	59975	0
winter park	FL	30835	1192
winter springs	FL	39822	0
woburn	MA	43895	0
wood river	IL	29442	1164
woodbridge	NJ	106101	9130
woodburn	OR	30449	1613
woodbury	MN	80596	12178
woodland	CA	62983	6496
woodridge	IL	34103	709
woonsocket	RI	44508	646
wooster	OH	26982	1101
worcester	MA	211286	11258
worth	IL	148604	6201
wyandotte	MI	24214	495
wylie	TX	62954	58
wyoming	MI	78559	8781
xenia	OH	26067	623
yakima	WA	97390	0
yonkers	NY	211040	0
yorba linda	CA	66489	0
yorkville	IL	25986	3247
youngstown	OH	59123	1829
ypsilanti	MI	54760	134
yuba city	CA	69148	0
yucaipa	CA	54465	0
yucca valley	CA	21858	0
yukon	OK	27068	0
yuma	AZ	103559	3472
zachary	LA	20370	0
zanesville	OH	24916	593
zephyrhills	FL	22304	0
zion	IL	24583	312
zionsville	IN	33161	0
